title,date_str,siteName,sentiment,pageUrl,author
Ukraine Organizes Peace Meeting in Denmark,d2023-06-24T10:46,KyivPost,0.0,https://www.kyivpost.com/post/18648,AFP
OPINION: Yermak Critic Spartz Passionate About FBI Collusion and Russian Disinformation,d2023-06-24T09:41,KyivPost,-0.268,https://www.kyivpost.com/post/18626,Lada Roslycky
"ISW Russian Offensive Campaign Assessment, June 23, 2023",d2023-06-24T08:28,KyivPost,-0.39,https://www.kyivpost.com/post/18634,Kyiv Post
Ukraine De-Mining Like Clearing Europe After WWII: UN,d2023-06-22T08:18,KyivPost,-0.169,https://www.kyivpost.com/post/18531,AFP
OPINION: African Leaders Indulge in Chinese Whispers,d2023-06-21T11:00,KyivPost,0.0,https://www.kyivpost.com/post/18489,Stepan Stepanenko
OPINION: Russia Has to Pay,d2023-06-20T10:48,KyivPost,-0.188,https://www.kyivpost.com/opinion/18453,Timothy Ash
General Valery Zaluzhny – the Man Behind the Legend,d2023-06-18T12:25,KyivPost,0.0,https://www.kyivpost.com/post/18398,Steve Brown
UK's Sunak to Urge Investors to Support Ukraine Reconstruction,d2023-06-18T11:26,KyivPost,0.402,https://www.kyivpost.com/post/18392,AFP
South Africa Spokesperson Vincent Magwenya Slammed Over Kyiv Air Raid Denials,d2023-06-17T10:44,KyivPost,-0.316,https://www.kyivpost.com/post/18368,Chris York
EXPLAINED: Why Today’s African Peace Mission to Kyiv Is Already Doomed to Fail,d2023-06-16T09:36,KyivPost,0.0,https://www.kyivpost.com/post/18331,Kyiv Post
"Destruction of Kakhovka Dam Threatens Water Supply in Four Regions, Including Occupied Crimea, Ukrhydroenergo CEO Warns",d2023-06-15T10:50,KyivPost,-0.34,https://www.kyivpost.com/post/18240,Kyiv Post
OPINION: Britain and the UN Play Catch-Up With New Sanctions on Belarus,d2023-06-13T16:06,KyivPost,-0.394,https://www.kyivpost.com/opinion/18236,Stepan Stepanenko
Joe Biden Root Canal Scuppers Big NATO Meeting,d2023-06-13T10:11,KyivPost,-0.18,https://www.kyivpost.com/post/18210,AFP
OPINION: Serhiy Rebrov Takes Charge of Ukraine’s National Football Team,d2023-06-12T16:07,KyivPost,0.565,https://www.kyivpost.com/post/18197,David Kirichenko
Canadian Arms for Ukraine Strengthened,d2023-06-12T12:36,KyivPost,0.192,https://www.kyivpost.com/post/18177,Pete Shmigel
OPINION: A Message to the African Peace Mission to Ukraine,d2023-06-12T11:15,KyivPost,-0.198,https://www.kyivpost.com/post/18170,Oleksandr Merezhko
Logistical ‘Hubs’ for Ukraine’s Planes on Ramstein Agenda,d2023-06-12T09:55,KyivPost,0.0,https://www.kyivpost.com/post/18161,Pete Shmigel
Large-scale Misappropriation of Hostomel Recovery Funds – Investigation,d2023-06-11T20:47,KyivPost,-0.411,https://www.kyivpost.com/post/18155,Kyiv Post
Canadian PM Justin Trudeau Visits Kyiv,d2023-06-10T15:46,KyivPost,0.0,https://www.kyivpost.com/post/18120,AFP
WATCH: Ukrainian Photographers Reveal Devastating Aftermath of Kakhovka Dam Explosion,d2023-06-07T15:00,KyivPost,-0.33,https://www.kyivpost.com/post/17987,Kyiv Post
Russia’s invasion of Ukraine (March 2 live updates),d2023-06-07T12:57,KyivPost,0.0,http://www.kyivpost.com/content/ukraine/russias-invasion-of-crimea-live-updates-338096.html,Kyiv Post
"Pence For President: Former Veep’s Views on Putin, Russia and Its War on Ukraine",d2023-06-07T11:40,KyivPost,0.0,https://www.kyivpost.com/post/17978,Pete Shmigel
EXPLAINED: Did Ukrainians Blow Up Nord Stream?,d2023-06-07T09:34,KyivPost,-0.352,https://www.kyivpost.com/post/17971,Stash Luczkiw
"Kyiv Post Morning Memo – Everything You Need to Know on Wednesday, June 7",d2023-06-07T09:30,KyivPost,-0.254,https://www.kyivpost.com/post/17970,Kyiv Post
Happy Ukrainian Journalist's Day from the Kyiv Post Team,d2023-06-06T16:59,KyivPost,0.829,https://www.kyivpost.com/post/17951,Kyiv Post
Journalists' Day in Ukraine: Reflections on How Russia’s War Transformed the Profession,d2023-06-06T16:55,KyivPost,0.667,https://www.kyivpost.com/post/17950,Alisa Orlova
OPINION: War in Ukraine Stretching Some Nations’ Neutrality to the Limit,d2023-06-04T12:13,KyivPost,-0.186,https://www.kyivpost.com/opinion/17848,Steve Brown
Saudi-Russian discord clouds OPEC+ talks,d2023-06-04T09:33,KyivPost,-0.414,https://www.kyivpost.com/post/17862,AFP
Zelensky Responds to Donald Trump’s Plan to Stop War ‘in 24 Hours’,d2023-06-03T14:12,KyivPost,-0.179,https://www.kyivpost.com/post/17849,Kyiv Post
Zelensky Says Ukraine is ‘Ready’ for Counteroffensive But Currently Faces a Difficult Choice,d2023-06-03T10:51,KyivPost,0.0,https://www.kyivpost.com/post/17842,Kyiv Post
Macron Confesses: France Should Have Paid More Attention to Russian Belligerence Before Invasion of Ukraine,d2023-06-02T08:27,KyivPost,0.0,https://www.kyivpost.com/post/17781,Steve Brown
Zakarpattia Bans Russian-Backed Orthodox Church,d2023-06-02T08:17,KyivPost,-0.174,https://www.kyivpost.com/post/17780,Kyiv Post
OPINION: Are Social Media Platforms Removing Evidence of War Crimes?,d2023-06-01T14:04,KyivPost,-0.401,https://www.kyivpost.com/opinion/17764,Steve Brown
EXPLAINED: Is the US OK With Ukraine Striking Russia or Not?,d2023-06-01T10:08,KyivPost,-0.178,https://www.kyivpost.com/post/17754,Chris York
Swiatek Says Ukraine War has Caused 'Chaos' in Sport,d2023-05-31T10:43,KyivPost,-0.665,https://www.kyivpost.com/post/17713,AFP
Poland Adopts Contested Inquiry Into Russian Influence,d2023-05-31T09:29,KyivPost,-0.42,https://www.kyivpost.com/post/17678,AFP
"The Bucha Volunteers – Like ‘Dad’s Army,’ Only with Serious Combat Experience",d2023-05-30T00:00,KyivPost,0.0,https://www.kyivpost.com/post/17697,Stefan Korshak
OPINION: Tensions Between Olympic Committee and Ukraine’s Supporters Peaking,d2023-05-28T15:10,KyivPost,0.0,https://www.kyivpost.com/opinion/17616,Mark Temnycky
"Kyiv Post Morning Memo – Everything You Need to Know on Thursday, May 25",d2023-05-25T08:43,KyivPost,0.0,https://www.kyivpost.com/post/17470,Kyiv Post
British and Ukrainian Defense Ministers Meet in Kyiv,d2023-05-24T12:35,KyivPost,0.697,https://www.kyivpost.com/post/17444,Kyiv Post
OPINION: Missiles Over Kyiv,d2023-05-18T12:06,KyivPost,-0.459,https://www.kyivpost.com/opinion/17212,Timothy Snyder
Italian Expert’s View of Impact of Turkish Elections on Russia’s War Against Ukraine,d2023-05-18T10:55,KyivPost,-0.467,https://www.kyivpost.com/post/17206,Ugo Poletti
Zelensky’s ‘Jet Coalition’ Is Growing,d2023-05-17T09:48,KyivPost,0.0,https://www.kyivpost.com/post/17149,Pete Shmigel
Europe’s Leaders Commit to ‘Register of Damages’ From Russia’s War on Ukraine,d2023-05-17T09:18,KyivPost,0.0,https://www.kyivpost.com/post/17145,Pete Shmigel
"Ukraine’s Latest Statement at the U.N. Security Council, May 15, 2023.",d2023-05-16T15:57,KyivPost,-0.276,https://www.kyivpost.com/post/17133,Kyiv Post
"AFP, Friends Pay Tribute in Kyiv to Slain Reporter Arman Soldin",d2023-05-16T13:46,KyivPost,0.0,https://www.kyivpost.com/post/17122,AFP
Zelensky’s European Tour Secures More Support – Both Weapons and Words,d2023-05-15T09:15,KyivPost,0.18,https://www.kyivpost.com/post/17051,Pete Shmigel
Zelensky Summit Tour Continues in London,d2023-05-15T00:00,KyivPost,0.0,https://www.kyivpost.com/post/17071,Pete Shmigel
OPINION: Last Year I Went Home to Chernihiv After the Russian Siege – This is What it Looked Like,d2023-05-13T12:40,KyivPost,-0.268,https://www.kyivpost.com/opinion/16894,Julia Struck
Biden Thanks Spain for Ukraine Support,d2023-05-13T10:47,KyivPost,0.184,https://www.kyivpost.com/post/17002,AFP
OPINION: Ukrainian Special Operations Forces (UASOF) – They’re Coming for You,d2023-05-13T09:39,KyivPost,0.251,https://www.kyivpost.com/opinion/16982,Steve Brown
‘I Could Die Too’: Ukraine’s War Widows Fighting on the Front Line,d2023-05-12T09:55,KyivPost,-0.231,https://www.kyivpost.com/post/16946,AFP
"EXPLAINED: Donald Trump Refuses to Back Ukraine, Claims He Can Bring Peace ‘In 24 Hours’",d2023-05-11T00:00,KyivPost,-0.171,https://www.kyivpost.com/post/16897,Chris York
"Over $8bn of Russian Central Bank Assets Held in Switzerland, Says Bern",d2023-05-10T14:45,KyivPost,0.0,https://www.kyivpost.com/post/16871,AFP
"Ukraine Grain Shipments Via Black Sea Down 46 percent in May, Kyiv Post Finds",d2023-05-10T14:01,KyivPost,0.0,https://www.kyivpost.com/post/16868,Pete Shmigel
OPINION: Commemorating Europe Day,d2023-05-10T09:58,KyivPost,0.0,https://www.kyivpost.com/post/16845,Mark Temnycky
OPINION: Russia’s War is Awakening Ukraine’s Historical Trauma,d2023-05-09T14:24,KyivPost,-0.201,https://www.kyivpost.com/opinion/16788,David Kirichenko
Activists Block Russian Ambassador at Soviet Memorial in Warsaw,d2023-05-09T14:08,KyivPost,-0.587,https://www.kyivpost.com/post/16823,AFP
‘There Are Farmers in Ukraine With More Tanks’: Putin’s Red Square Parade Gets Roasted,d2023-05-09T00:00,KyivPost,-0.222,https://www.kyivpost.com/post/16822,Stefan Korshak
EXPLAINED: The Latest on Wagner’s Ever-Changing Situation in Bakhmut,d2023-05-09T00:00,KyivPost,-0.285,https://www.kyivpost.com/post/16797,Kyiv Post
"Kyiv Attacked Overnight by 35 Kamikaze Drones, Capital Rocked by Explosions as Air Defenses Intercept",d2023-05-08T00:00,KyivPost,-0.467,https://www.kyivpost.com/post/16752,Kyiv Post
OPINION: Pushing Back Against Putin’s Disinformation Wars,d2023-05-07T16:20,KyivPost,0.0,https://www.kyivpost.com/opinion/16653,Gordon Feller
‘We Had Trouble Taking an Axe Out of a Man’s Hand’: The Life of a Medic in Bakhmut,d2023-05-07T14:39,KyivPost,-0.324,https://www.kyivpost.com/post/16745,AFP
Anti-Ukraine Sentiment Simmers in Florida,d2023-05-06T09:54,KyivPost,0.0,https://www.kyivpost.com/post/16694,John Moretti
35 Countries Question IOC Decision on the Admission of Russia to Sports Competitions,d2023-05-05T16:15,KyivPost,0.0,https://www.kyivpost.com/post/16661,Kyiv Post
A Short History of King Charles’ Support for Ukraine,d2023-05-05T10:30:01,KyivPost,0.0,https://www.kyivpost.com/post/16649,Kyiv Post
ICU Weekly Insight - 2 May 2023,d2023-05-03T18:14,KyivPost,0.0,https://www.kyivpost.com/post/16574,ICU
Use of Ukrainian Language Grows Since the Full-Scale Invasion,d2023-05-03T00:00,KyivPost,0.0,https://www.kyivpost.com/post/16494,Pete Shmigel
"As ATO ends, Joint Forces Operation launched in Donbas",d2023-05-01T12:19,KyivPost,-0.155,https://www.kyivpost.com/ukraine-politics/ato-ends-joint-forces-operation-launched-donbas.html,Illia Ponomarenko
Ukrainian Fencers Training for Paris Games Ready to Boycott Olympics,d2023-04-30T16:27,KyivPost,-0.412,https://www.kyivpost.com/post/16447,AFP
Poland Streamlines Process to Export Drones to Ukraine,d2023-04-30T16:06,KyivPost,0.0,https://www.kyivpost.com/post/16436,Anna Neplii
Putin’s Friend Launches ‘Another Ukraine’ Movement in Russia With Propagandists and Accused Traitors,d2023-04-28T09:21,KyivPost,-0.341,https://www.kyivpost.com/post/16359,Kyiv Post
French Transport Minister Says Ukraine Working Towards Partially Opening Airspace for Civil Flights,d2023-04-27T14:22,KyivPost,0.195,https://www.kyivpost.com/post/16339,Kyiv Post
5 Things You Need to Know About Zelensky’s Call with China’s President Xi,d2023-04-26T17:17,KyivPost,-0.217,https://www.kyivpost.com/post/16311,Kyiv Post
Chornobyl: A Legacy of Human Error and the Lessons That Were Never Learned (by Russians),d2023-04-26T15:17,KyivPost,-0.52,https://www.kyivpost.com/post/16302,Alisa Orlova
Zelensky and Chinese President Xi Hold First Talks Since Launch of Full-Scale Invasion,d2023-04-26T00:00,KyivPost,0.0,https://www.kyivpost.com/post/16301,Kyiv Post
"Kyiv Post Morning Memo – Everything You Need to Know on Tuesday, April 25",d2023-04-25T10:02,KyivPost,-0.158,https://www.kyivpost.com/post/16238,Kyiv Post
‘We’re Tired’: The Exhausted Ukrainian Soldiers Still Holding Out in Devastated Bakhmut,d2023-04-25T09:48,KyivPost,-0.325,https://www.kyivpost.com/post/16237,AFP
EXPLAINED: The ‘Cynical’ Hypocrisy of Russia’s UN Security Council Meeting,d2023-04-25T09:24,KyivPost,-0.328,https://www.kyivpost.com/post/16235,Chris York
President Zelensky Explains Ukraine's Stance on Bakhmut,d2023-04-24T17:40,KyivPost,-0.31,https://www.kyivpost.com/post/16229,Kyiv Post
"Ukraine Reportedly Postponed Planned Attacks on Russia at US Request, Leaked Documents Reveal",d2023-04-24T16:00,KyivPost,-0.632,https://www.kyivpost.com/post/16227,Kyiv Post
Former Swedish Lawmaker Signs Contract to Serve with Ukrainian Armed Forces,d2023-04-24T14:09,KyivPost,0.0,https://www.kyivpost.com/post/16214,Kyiv Post
Georgia Refused to Provide Military Aid to Ukraine and Now Repairs Russian Warplanes,d2023-04-24T10:48,KyivPost,-0.229,https://www.kyivpost.com/post/16195,Kyiv Post
Modern Diplomacy in the Language of Ancient Symbols,d2023-04-22T12:18,KyivPost,0.542,https://www.kyivpost.com/post/16159,Kyiv Post
Another Russian-linked Monastery Is Targeted for Eviction,d2023-04-22T09:37,KyivPost,-0.342,https://www.kyivpost.com/post/16071,Julia Struck
OPINION: How European Football Is Aiding Ukraine,d2023-04-22T09:35,KyivPost,0.319,https://www.kyivpost.com/opinion/16072,Mark Temnycky
From Maidan to the Frontline: The Tale of Two Activists,d2023-04-22T09:30,KyivPost,0.195,https://www.kyivpost.com/post/16112,Pete Shmigel
The HIMARS Success Story Continues,d2023-04-20T17:30,KyivPost,0.577,https://www.kyivpost.com/post/16086,Kyiv Post
Ukrainian Designers Showcased at Milan Design Week,d2023-04-19T16:25,KyivPost,0.37,https://www.kyivpost.com/post/16034,Ugo Poletti
EXPLAINED: Why South Korea’s New Stance on Ukraine is So Significant,d2023-04-19T10:09,KyivPost,-0.329,https://www.kyivpost.com/post/16004,Chris York
'Serbia Has Never Been Against Ukraine' – Former Ambassador,d2023-04-18T16:14,KyivPost,-0.367,https://www.kyivpost.com/post/15973,Julia Struck
Pro-Russia Propagandist Revealed as Former US Servicewoman,d2023-04-18T09:57,KyivPost,-0.307,https://www.kyivpost.com/post/15958,Kyiv Post
Poland Bans Ukrainian Grain,d2023-04-15T20:23,KyivPost,-0.242,https://www.kyivpost.com/post/15881,Kyiv Post
German FM Urges China to 'Call on the Aggressor Russia to Stop the War',d2023-04-14T17:36,KyivPost,0.0,https://www.kyivpost.com/post/15832,AFP
IMF Raises Russian Growth Forecast on Deficit-Fueled Government Spending,d2023-04-12T13:45,KyivPost,0.0,https://www.kyivpost.com/post/15722,AFP
"Limited Air Traffic to Ukraine Until 2029, Eurocontrol Predicts in Forecast",d2023-04-11T14:44,KyivPost,-0.353,https://www.kyivpost.com/post/15687,Kyiv Post
Biden ‘Plans on Running’ For President Again: The Ukraine Angle,d2023-04-11T09:28,KyivPost,0.0,https://www.kyivpost.com/post/15666,Mark Raczkiewycz
NATO to Hold Largest-ever Air War Games While Real War Rages in Ukraine’s Skies,d2023-04-10T21:07,KyivPost,0.0,https://www.kyivpost.com/post/15659,Christopher Stewart
OPINION: What Will Happen to the Weapons Provided to Ukraine When Russia is Defeated?,d2023-04-10T09:52,KyivPost,-0.343,https://www.kyivpost.com/opinion/15606?utm_source=Kyiv%2BPost%27s%2BUkraine%2BDigest&utm_campaign=cc7d397116-EMAIL_CAMPAIGN_2023_04_10_10_45&utm_medium=email&utm_term=0_-cc7d397116-%5BLIST_EMAIL_ID%5D,Steve Brown
Pro-Kyiv Church Will Hold Unprecedented Palm Sunday Service at the Pechersk Lavra,d2023-04-08T13:09,KyivPost,0.295,https://www.kyivpost.com/post/15554,Julia Struck
"EXCLUSIVE: In Borodyanka, Ukraine’s Schools Are ‘Building Back Better’",d2023-04-08T09:53,KyivPost,0.0,https://www.kyivpost.com/post/15464,Pete Shmigel
April 8 is the 50th Anniversary of Pablo Picasso’s Death,d2023-04-07T16:31,KyivPost,0.338,https://www.kyivpost.com/post/15548,Pete Shmigel
"Ukrainian President Honors Mayors of Four Polish ""Rescue Cities""",d2023-04-07T14:01,KyivPost,0.45,https://www.kyivpost.com/post/15541,Kyiv Post
Macron Says 'Counting' on Xi to 'Bring Russia to Its Senses',d2023-04-06T17:45,KyivPost,0.0,https://www.kyivpost.com/post/15519,AFP
Maria Lvova-Belova Ignores ICC Arrest Warrant to Give Speech at the UN Security Council,d2023-04-06T14:36,KyivPost,-0.366,https://www.kyivpost.com/post/15497,Kyiv Post
Kyiv Post Daily Thread – The Latest News From and About Ukraine on April 6,d2023-04-06T12:00,KyivPost,0.0,https://www.kyivpost.com/thread/15474,Kyiv Post
Fencing in Turmoil After Poles Cancel World Cup Event Over Russia,d2023-04-06T11:18,KyivPost,-0.366,https://www.kyivpost.com/post/15473,AFP
"Macron, von der Leyen to Press China's Xi on Ukraine",d2023-04-06T10:59,KyivPost,0.0,https://www.kyivpost.com/post/15465,AFP
EXPLAINED: Why Poland Is So Important,d2023-04-06T10:04,KyivPost,0.0,https://www.kyivpost.com/post/15466?utm_source=Kyiv%2BPost%27s%2BUkraine%2BDigest&utm_campaign=653bd41543-EMAIL_CAMPAIGN_2023_04_06_12_23&utm_medium=email&utm_term=0_-653bd41543-%5BLIST_EMAIL_ID%5D,Kyiv Post
"From Symbolism to Substance, More Polish Support For Ukraine During Warsaw Visit",d2023-04-05T20:42,KyivPost,0.0,https://www.kyivpost.com/post/15461,Pete Shmigel
"Invasion Damages $2.6 bn Worth of Ukraine's Heritage, Culture",d2023-04-05T12:27,KyivPost,-0.183,https://www.kyivpost.com/post/15320,AFP
Ukraine’s 'Combat Beaver' to Get Wikipedia Page Devoted to its 'Decisive Victory' in Trench Battle,d2023-04-04T13:20,KyivPost,-0.235,https://www.kyivpost.com/post/15360,Kyiv Post
Praying for Victory: Ukraine Muslims Mark Ramadan,d2023-04-04T11:17,KyivPost,-0.295,https://www.kyivpost.com/post/15335,AFP
Ukraine War 'Madness' Threatening Humanity: UN Rights Chief,d2023-04-02T13:49,KyivPost,-0.38,https://www.kyivpost.com/post/15212,AFP
UN Security Council Concerned Over Russian Nuclear Weapons in Belarus,d2023-04-01T11:17,KyivPost,-0.538,https://www.kyivpost.com/post/15225,AFP
27 EU Ambassadors Visit the Kyiv Region a Year After it Was Liberated,d2023-03-31T14:30,KyivPost,0.321,https://www.kyivpost.com/post/15200,Kyiv Post
"Biden Vows Funds, Tech Alliance as Democracy Summit Takes on Backsliding",d2023-03-29T16:51,KyivPost,0.0,https://www.kyivpost.com/post/15088,AFP
New Poll Shows More Than 90% of Ukrainians Are Confident in Victory; 83% Think Ukraine Should Join NATO,d2023-03-29T12:27,KyivPost,0.189,https://www.kyivpost.com/post/15062?utm_source=newsletter&utm_medium=email&utm_campaign=newsletter_axiosworld&stream=world,Aleksandra Klitina
US Army Issues Playing Cards to Distinguish NATO Weapons From Russia's,d2023-03-29T11:30,KyivPost,-0.193,https://www.kyivpost.com/post/15054,Kyiv Post
Motor Sich President Blocked Helicopter Supply to Ukrainian Defense Intelligence,d2023-03-28T18:05,KyivPost,-0.316,https://www.kyivpost.com/post/15027,Kyiv Post
Survey: Ukrainians’ Interest in Their History Spikes Amid Russia’s Ongoing War,d2023-03-27T18:15,KyivPost,0.0,https://www.kyivpost.com/post/14950,Kyiv Post
Grain Deal Bribes Uncovered in Odesa,d2023-03-27T17:24,KyivPost,-0.358,https://www.kyivpost.com/post/14973,Kyiv Post
EXPLAINED: Heavy Tanks Have Finally Arrived in Ukraine – Here’s What You Need to Know,d2023-03-27T00:00,KyivPost,0.0,https://www.kyivpost.com/post/14979,Kyiv Post
Clearing Ukraine of Leftover Explosives: the Five Pillars of Mine Action,d2023-03-26T12:00,KyivPost,0.0,https://www.kyivpost.com/post/14563,Steve Brown
"As Winter Ends, a Garden Takes Shape Near Ukraine Frontline",d2023-03-26T10:04,KyivPost,0.0,https://www.kyivpost.com/post/14874,AFP
"Love, Pain and Loss at Historic Ukraine Cemetery",d2023-03-25T18:00,KyivPost,0.0,https://www.kyivpost.com/post/14862,AFP
Kyiv Post Daily Thread – The Latest News From and About Ukraine on March 24,d2023-03-24T15:00,KyivPost,-0.225,https://www.kyivpost.com/thread/14784,Kyiv Post
EXPLAINED: What to Expect From Today’s Meeting Between Putin and China’s Xi Jinping,d2023-03-20T09:34,KyivPost,0.0,https://www.kyivpost.com/post/14527,Kyiv Post
Odesa Ports: Strategic Priority for Ukraine’s Economic Recovery,d2023-03-19T09:55,KyivPost,0.254,https://www.kyivpost.com/post/14512,Ugo Poletti
Landmines and Explosive Remnants of War in Ukraine Will Take Decades to Clear,d2023-03-18T12:24,KyivPost,0.0,https://www.kyivpost.com/post/14439,Steve Brown
‘Putin and His Doppelgängers Must Be Tried at a War Crimes Tribunal’ - Deputy Head of Zelensky’s Office,d2023-03-16T14:00,KyivPost,0.0,https://www.kyivpost.com/post/14386,Maryna Shashkova
OPINION: Playing the Victim: Timothy Snyder’s Testimony to the UN Security Council on Russian Hate Speech,d2023-03-15T13:11,KyivPost,-0.294,https://www.kyivpost.com/post/14313,Timothy Snyder
UK Boosts Security Spending Against China and Russia Threats,d2023-03-14T11:23,KyivPost,0.244,https://www.kyivpost.com/post/14252,AFP
"OPINION: Mobilization in Georgia, Moldova and Serbia",d2023-03-12T14:51,KyivPost,-0.31,https://www.kyivpost.com/post/14162,Dr. Orhan Dragas
Ukrainian Choir Lifts Spirits at London's 'Actor's Church',d2023-03-11T12:37,KyivPost,0.496,https://www.kyivpost.com/post/14122,AFP
Mother Identifies Ukrainian POW Executed in Shocking Video as Different Man to Previously Reported,d2023-03-09T13:58,KyivPost,-0.419,https://www.kyivpost.com/post/14054,Kyiv Post
"OPINION: How to Help Ukrainians, a Year In",d2023-03-07T12:47,KyivPost,0.657,https://www.kyivpost.com/opinion/13916,Timothy Snyder
Ukraine's Kostyuk Dedicates First Tennis Title to War Victims,d2023-03-06T10:41,KyivPost,0.571,https://www.kyivpost.com/post/13856,AFP
German Firm in Talks to Build Tank Plant in Ukraine,d2023-03-04T17:42,KyivPost,0.0,https://www.kyivpost.com/post/13821,AFP
US Attorney General in Surprise Visit to Ukraine,d2023-03-04T11:10,KyivPost,-0.213,https://www.kyivpost.com/post/13802,AFP
"Merkel Shares Responsibility for the War in Ukraine, German Politician Says",d2023-03-03T15:41,KyivPost,-0.651,https://www.kyivpost.com/post/13771,Kyiv Post
Fracas or False-flag? Armed Men in Sleepy Russian Border Village Call for Putin’s Ouster,d2023-03-02T17:11,KyivPost,-0.4,https://www.kyivpost.com/post/13737,Stefan Korshak
‘We Are Afraid of What Comes After Putin’ - An Interview with German Politician Müller,d2023-03-01T11:46,KyivPost,-0.168,https://www.kyivpost.com/post/13659,Maryna Shashkova
Kremlin Lined Up Two Candidates to Usurp Zelensky's Seat in Case of Kyiv's Seizure,d2023-03-01T10:39,KyivPost,-0.333,https://www.kyivpost.com/post/13666,Kyiv Post
OPINION: Why Argentina Won’t Break With Putin,d2023-03-01T09:49,KyivPost,0.0,https://www.kyivpost.com/opinion/13660,Fernando José Kohutiak
"'No Evidence' Ukraine Misusing Aid, Senior US Official Says",d2023-03-01T09:43,KyivPost,-0.188,https://www.kyivpost.com/post/13658,AFP
Ukrainian Mum Finds Sanctuary and a Career Lifeline at the University of Leicester,d2023-02-28T13:51,KyivPost,0.405,https://www.kyivpost.com/post/13628,Kyiv Post
UN Chief Warns Progress on Human Rights Has 'Gone Into Reverse',d2023-02-27T14:54,KyivPost,-0.167,https://www.kyivpost.com/post/13599,AFP
'Every Day I Want to be Home': a Year in Exile for Ukraine Family,d2023-02-27T11:27,KyivPost,0.0,https://www.kyivpost.com/post/13178,AFP
"OPINION: One Year On, International Support for Ukraine Remains Strong",d2023-02-26T14:43,KyivPost,-0.155,https://www.kyivpost.com/opinion/13562,Mark Temnycky
"For Young Ukrainians, Life Goes on Despite the Pain",d2023-02-26T10:47,KyivPost,-0.244,https://www.kyivpost.com/post/13171,AFP
China PR Peace Plan – Pros and Cons In a Nutshell,d2023-02-25T12:31,KyivPost,-0.275,https://www.kyivpost.com/post/13524,Timothy Ash
Is Putin Sick or Dying? A Brief History of Reports About the Russian President’s Health,d2023-02-25T10:53,KyivPost,-0.418,https://www.kyivpost.com/post/13520,Kyiv Post
UN Chief: Russia Brought 'Living Hell' to Ukrainians,d2023-02-25T09:34,KyivPost,-0.448,https://www.kyivpost.com/post/13510,AFP
'Terrible toll': Russia's Invasion of Ukraine in Numbers,d2023-02-24T15:46,KyivPost,-0.784,https://www.kyivpost.com/post/12235,AFP
One Year Without Night Walks,d2023-02-24T15:03,KyivPost,0.162,https://www.kyivpost.com/post/13424,Kyiv Post
'Everything changed': Ukrainians Look Back on a Year of War,d2023-02-24T11:41,KyivPost,-0.211,https://www.kyivpost.com/post/12248,AFP
Parnas’ Version: How Trump and Co. Have Tried to Sabotage Ukraine,d2023-02-23T12:52,KyivPost,-0.249,https://www.kyivpost.com/post/13404,John Moretti
Russia Trying to Destroy Ukrainian Culture: UN Experts,d2023-02-22T13:31,KyivPost,-0.309,https://www.kyivpost.com/post/13356,AFP
"UN to Convene as Ukraine, Allies Seek Votes for 'Peace' Resolution",d2023-02-22T11:09,KyivPost,0.0,https://www.kyivpost.com/post/13346,AFP
Putin Hurts Arms Control but Nuclear Risk Remote: Experts,d2023-02-22T09:26,KyivPost,-0.273,https://www.kyivpost.com/post/13330,AFP
OPINION: Ukraine is Fighting for all Europe,d2023-02-21T16:59,KyivPost,0.154,https://www.kyivpost.com/opinion/13322,Ioannis E. Kotoulas
What You Need to Know from Day 3 of the Munich Security Conference,d2023-02-20T09:28,KyivPost,0.0,https://www.kyivpost.com/post/13256,Irina Pavlova
US Accuses Russia of 'Crimes Against Humanity' in Ukraine,d2023-02-18T17:36,KyivPost,-0.298,https://www.kyivpost.com/post/13228,AFP
US Awards $1 bn Contract to Boost Artillery Round Production,d2023-02-18T09:56,KyivPost,0.0,https://www.kyivpost.com/post/13210,AFP
Day One of the Munich Security Conference 2023,d2023-02-18T09:28,KyivPost,0.0,https://www.kyivpost.com/post/13204,Irina Pavlova
Berlin Film Fest Beams in Zelensky for Opener with Sean Penn,d2023-02-17T10:32,KyivPost,0.381,https://www.kyivpost.com/post/13167,AFP
Israel FM in First Visit to Ukraine Since Russia Invasion,d2023-02-16T12:05,KyivPost,0.0,https://www.kyivpost.com/post/12230,AFP
Premature Peace Talks to Encounter Fierce Resistance in Ukraine – Munich Security Report,d2023-02-15T14:04,KyivPost,-0.316,https://www.kyivpost.com/post/12147,Interfax-Ukraine
UN Appeals for $5.6 Billion for Aid to Ukraine in 2023,d2023-02-15T13:56,KyivPost,-0.158,https://www.kyivpost.com/post/12194,AFP
Aid to Ukraine and Blocking Russian Culture – Interview With Film Director Michel Hazanavicius,d2023-02-14T16:04,KyivPost,0.0,https://www.kyivpost.com/post/12128,Maryna Shashkova
Abkhazia: The Forgotten War That Echoes in This One,d2023-02-14T14:30,KyivPost,0.0,https://www.kyivpost.com/post/12153,Oleksiy Bobrovnikov
"‘The US and Norway Blew Up Nord Stream,’ Controversial Journalist Says",d2023-02-14T11:16,KyivPost,-0.207,https://www.kyivpost.com/post/12139,Kyiv Post
'It's Like Verdun': The Grinding Battle for Ukraine's Bakhmut,d2023-02-13T10:22,KyivPost,-0.375,https://www.kyivpost.com/post/12089,AFP
Scholz's Social Democrats Suffer Blow with Berlin Election Loss,d2023-02-13T10:15,KyivPost,-0.711,https://www.kyivpost.com/post/12088,AFP
Berlin Film Festival to Highlight Ukraine and Iran Predicaments,d2023-02-13T10:09,KyivPost,0.411,https://www.kyivpost.com/post/12087,AFP
Planning for Christmas 2023,d2023-02-12T11:54,KyivPost,0.0,https://www.kyivpost.com/post/12015,Andrey Kurkov
Zelensky Says Russian Athletes at Olympics a 'Manifestation of Violence',d2023-02-11T12:12,KyivPost,-0.519,https://www.kyivpost.com/post/12058,AFP
Biden Says Undecided on Poland Visit to Mark Ukraine Anniversary,d2023-02-10T10:27,KyivPost,-0.566,https://www.kyivpost.com/post/12002,AFP
EXPLAINED: The Diplomatic Jealousies Sparked by Zelensky’s European Tour,d2023-02-10T10:13,KyivPost,-0.18,https://www.kyivpost.com/post/12006,Kyiv Post
"Fighter Planes for Ukraine, a Complex Challenge for Kyiv's Allies",d2023-02-09T22:38,KyivPost,0.0,https://www.kyivpost.com/post/12003,AFP
Pink Floyd’s Roger Waters Slammed for UN Speech on Ukraine,d2023-02-09T17:09,KyivPost,-0.33,https://www.kyivpost.com/post/11999,AFP
SpaceX Сurbs Ukraine’s Use of Starlink for Drones,d2023-02-09T15:04,KyivPost,-0.256,https://www.kyivpost.com/post/11995,Kyiv Post
Here’s What Happened at the Last EU-Ukraine Summit,d2023-02-09T10:32,KyivPost,0.0,https://www.kyivpost.com/post/11973,Mark Temnycky
EXPLAINED: What to Expect From Zelensky’s Trip to Brussels Today,d2023-02-09T09:45,KyivPost,0.164,https://www.kyivpost.com/post/11966,Kyiv Post
Ukraine a Sidebar at Best in Biden’s State of the Union Speech,d2023-02-08T15:23,KyivPost,0.0,https://www.kyivpost.com/post/11957,Stefan Korshak
President Zelensky Appeals for Fighter Jets in Address to UK Parliament,d2023-02-08T10:50,KyivPost,0.348,https://www.kyivpost.com/post/11935,Kyiv Post
"Kyiv Post Morning Memo – Everything You Need to Know on Wednesday, Feb. 8",d2023-02-08T10:11,KyivPost,0.0,https://www.kyivpost.com/post/11929,Kyiv Post
"Earthquake Kills More Than 5,000 in Turkey, Syria",d2023-02-07T12:55,KyivPost,-0.602,https://www.kyivpost.com/post/11905,AFP
OPINION: Liberal Hawks Versus Realist Doves: Who is Winning the Ideological War Over the Future of Ukraine?,d2023-02-05T12:31,KyivPost,0.0,https://www.kyivpost.com/post/11691,Robert G. Patman
16 Telegram Accounts to Follow for the Latest War News From Ukraine,d2023-02-05T09:45,KyivPost,0.0,https://www.kyivpost.com/post/11796,Stefan Korshak
Ukraine Returns 116 Defenders in POW Swap,d2023-02-04T12:07,KyivPost,0.0,https://www.kyivpost.com/post/11823,Interfax-Ukraine
OPINION: Setting the Conditions for Victory or Defeat,d2023-02-02T13:47,KyivPost,0.0,https://www.kyivpost.com/opinion/11760,Hans Petter Midttun
Human Rights Watch Accuses Ukraine of Using Banned Anti-Personnel Mines,d2023-02-01T15:57,KyivPost,-0.393,https://www.kyivpost.com/post/11734,Kyiv Post
EXCLUSIVE: Zhevago's Schemes Revealed - A Kyiv Post Investigation,d2023-02-01T11:18,KyivPost,-0.178,https://www.kyivpost.com/post/11718,Oleksiy Bobrovnikov
EU-Ukraine Summit to Take Place in Kyiv Friday,d2023-02-01T10:13,KyivPost,-0.437,https://www.kyivpost.com/post/11708,AFP
Ukrainian Cabinet’s New Conscription Rules: War-critical Workers May Avoid Draft,d2023-01-31T16:38,KyivPost,-0.218,https://www.kyivpost.com/post/11701,Stefan Korshak
"Winter Not Over, But Europe Braces for The Next One",d2023-01-31T11:08,KyivPost,0.0,https://www.kyivpost.com/post/11677,AFP
NATO Chief Asks S. Korea to 'Step Up' Military Support for Ukraine,d2023-01-30T15:21,KyivPost,-0.177,https://www.kyivpost.com/post/11652,AFP
"New Czech President Expected to Foster EU, Ukraine Ties",d2023-01-29T13:21,KyivPost,0.22,https://www.kyivpost.com/post/11617,AFP
OPINION: SDR Reallocation Can Solve Ukraine’s Debt Problem,d2023-01-28T13:25,KyivPost,0.0,https://www.kyivpost.com/opinion/11546,Timothy Ash
'Fierce' Battle in Ukraine for Vugledar Near Donetsk,d2023-01-28T10:28,KyivPost,-0.278,https://www.kyivpost.com/post/11593,AFP
Ukraine’s Defenders – Meet the M270 Operators and Crew of the 107th Rocket Artillery Brigade,d2023-01-28T10:07,KyivPost,0.0,https://www.kyivpost.com/post/11466,Stefan Korshak
Double Agent or Hero: Who Was Denys Kireyev and Why Was He Killed?,d2023-01-27T11:16,KyivPost,-0.237,https://www.kyivpost.com/post/11480,Anna Neplii
UNESCO Lists Odesa Historical Centre as World Heritage Site,d2023-01-26T13:02,KyivPost,0.0,https://www.kyivpost.com/post/11530,AFP
Zelensky Signs Controversial Law Toughening Punishment for Desertion in Army,d2023-01-25T14:48,KyivPost,-0.257,https://www.kyivpost.com/post/11498,AFP
"Two British Volunteers Died in Ukraine, Families Confirm",d2023-01-25T14:36,KyivPost,0.0,https://www.kyivpost.com/post/11496,Kyiv Post
President Zelensky Turns 45: What Supporters and Critics Say about Him,d2023-01-25T11:11,KyivPost,0.158,https://www.kyivpost.com/post/11482,Kyiv Post
"ICU Bond Market Weekly Insight: 23 January, 2023",d2023-01-24T15:37,KyivPost,0.0,https://www.kyivpost.com/post/11459,Kyiv Post
Sean Penn Ukraine Doc to Premiere at Berlin Film Fest,d2023-01-23T17:45,KyivPost,0.509,https://www.kyivpost.com/post/11436,AFP
EXPLAINED: Latest Estimates of Ukrainian and Russian Casualties,d2023-01-23T09:58,KyivPost,-0.406,https://www.kyivpost.com/post/11402,Kyiv Post
War Crimes More Apparent as Russia’s War Against Ukraine Continues,d2023-01-22T10:55,KyivPost,-0.55,https://www.kyivpost.com/post/11260,Mark Temnycky
"OPINION: How Poland Has been Smarter, More Principled, and Warmer than Germany",d2023-01-21T14:30,KyivPost,-0.333,https://www.kyivpost.com/post/11378,Stefan Tompson
The Key Weapons Ukraine Still Needs from Western Allies,d2023-01-21T09:49,KyivPost,0.0,https://www.kyivpost.com/post/11369,Stefan Korshak
What We Know About Putin’s Preparations for a Long-Term War,d2023-01-17T14:56,KyivPost,0.0,https://www.kyivpost.com/post/11231,Aleksandra Klitina
How April 2022 Kramatorsk Station Bombing Still Affects the City,d2023-01-17T12:32,KyivPost,-0.492,https://www.kyivpost.com/post/11224,AFP
U.S. and NATO Will Support an Anti-Russian Insurgency if Kremlin Attacks,d2023-01-17T12:01,KyivPost,0.0,https://www.kyivpost.com/ukraine-politics/u-s-and-nato-will-support-an-anti-russian-insurgency-if-kremlin-attacks.html,Roman Woronowycz
‘Black Grain’ of Odesa,d2023-01-15T16:30,KyivPost,-0.251,https://www.kyivpost.com/post/11154,Oleksiy Bobrovnikov
OPINION: ‘Slava Ukraini - Viva Venezuela Libre’,d2023-01-15T14:28,KyivPost,0.193,https://www.kyivpost.com/post/11053,Rodrigo Figueredo
Winter War in Ukraine: Russia’s Army Can No Longer Conduct a Large-Scale Offensive,d2023-01-15T10:45,KyivPost,-0.693,https://www.kyivpost.com/post/6599,Ugo Poletti
OPINION: A Year of War in Odesa,d2023-01-14T11:07,KyivPost,0.247,https://www.kyivpost.com/post/11128,Ugo Poletti
"Russia Claims Control of Soledar, Ukraine says Battle is Not Over",d2023-01-14T08:36,KyivPost,-0.379,https://www.kyivpost.com/post/11123,AFP
Italian Minister of Enterprise Visits Kyiv to Discuss Reconstruction,d2023-01-12T15:00,KyivPost,0.213,https://www.kyivpost.com/post/11066,Ugo Poletti
"Body of Missing British Volunteer Found in Eastern Ukraine, Russian Wagner Group Claims",d2023-01-12T14:17,KyivPost,-0.658,https://www.kyivpost.com/post/11062,Alisa Orlova
How Britain’s Challenger Tank Could Pave the Way for German Leopards,d2023-01-10T15:33,KyivPost,0.0,https://www.kyivpost.com/post/6592,Stefan Korshak
Ukrainians Will Need Travel Authorization Despite EU Application,d2023-01-10T13:30,KyivPost,0.0,https://www.kyivpost.com/post/6560,Emma Morris
EXPLAINED: Russia’s Highly Dubious Claim About Killing 600 Ukrainian Troops,d2023-01-09T10:18,KyivPost,-0.382,https://www.kyivpost.com/post/6525,Kyiv Post
Refugees Celebrate First Christmas Since Fleeing Ukraine,d2023-01-07T14:04,KyivPost,0.219,https://www.kyivpost.com/post/6505,AFP
The Meaning of this Christmas for Ukrainians: Interview with Archbishop Borys Gudziak,d2023-01-06T12:59,KyivPost,0.493,https://www.kyivpost.com/post/6467,Kyiv Post
Italian Military Expert on Ukraine’s Key Ingredient for Success Against Russia,d2023-01-03T16:16,KyivPost,0.0,https://www.kyivpost.com/post/6371,Ugo Poletti
"EXPLAINED: Why Germany’s Defence Minister is in Trouble Over a ""Disturbing"" Video",d2023-01-03T10:50,KyivPost,-0.689,https://www.kyivpost.com/post/6352,Kyiv Post
Military Chaplain Describes the ‘Incredible Moral Fatigue’ of Fighting in Bakhmut,d2023-01-02T11:56,KyivPost,-0.269,https://www.kyivpost.com/post/6331,AFP
Capturing the Soul of a Nation: Arts Year in Review,d2023-01-01T12:22,KyivPost,0.519,https://www.kyivpost.com/post/6115,Stash Luczkiw
The Decisive Battle of the Russo-Ukraine War So Far: Putin’s Disastrous Attempt to Capture Kyiv,d2023-01-01T11:20,KyivPost,-0.317,https://www.kyivpost.com/post/6038,Stefan Korshak
'A Lot of Pain': The Battle of Firefighters on Ukraine's Frontline,d2023-01-01T10:57,KyivPost,-0.553,https://www.kyivpost.com/post/6313,AFP
Zelensky: Ukraine Will Fight Until Victory,d2023-01-01T10:13,KyivPost,0.7,https://www.kyivpost.com/post/6315,AFP
"Zelensky, Ukraine's Comic Turned War-Time Leader - the AFP's Assessment",d2022-12-31T13:44,KyivPost,-0.248,https://www.kyivpost.com/post/6196,AFP
OPINION: Book Review: ‘Invasion: The Inside Story of Russia’s Bloody War and Ukraine’s Fight for Survival’ by Luke Harding,d2022-12-31T12:20,KyivPost,0.0,https://www.kyivpost.com/opinion/6178,Anders Aslund
OPINION: Results of the Stormy Year That Was 2022,d2022-12-31T12:11,KyivPost,-0.263,https://www.kyivpost.com/opinion/6233,Ihor Zhdanov
Biden Signs $1.7 Trillion US Government Spending Bill,d2022-12-30T12:47,KyivPost,0.0,https://www.kyivpost.com/post/6267,AFP
OPINION: 2022: The Year of the Blood-Stained Bird,d2022-12-30T10:33,KyivPost,0.0,https://www.kyivpost.com/post/6189,Volodymyr Fesenko
OPINION: Protection From Russia – an Obligation in 2023 as Well,d2022-12-29T10:53,KyivPost,-0.559,https://www.kyivpost.com/opinion/6221,Dr. Orhan Dragas
How Foreign Businesses in Ukraine Cope With the War,d2022-12-26T11:43,KyivPost,0.0,https://www.kyivpost.com/post/5923,Anna Neplii
Ukraine Estimates Grain Harvest Fell Around 40%,d2022-12-24T10:18,KyivPost,-0.717,https://www.kyivpost.com/post/6072,AFP
Children of War: Photo Project Shows the Creepy Everyday Life of Young Ukrainians,d2022-12-21T12:36,KyivPost,0.0,https://www.kyivpost.com/post/5959,Anna Neplii
IMF Approves Program to Help Ukraine Secure Donor Funding,d2022-12-20T12:28,KyivPost,0.0,https://www.kyivpost.com/post/5920,AFP
"Kyiv Post Morning Memo – Everything You Need to Know on Tuesday, Dec. 20",d2022-12-20T10:17,KyivPost,0.0,https://www.kyivpost.com/post/5910,Kyiv Post
"OPINION: Residual Russian Empire, Disguised as Federation, Under Threat",d2022-12-17T11:11,KyivPost,-0.172,https://www.kyivpost.com/opinion/5680,Askold S. Lozynskyj
Exiled Chechen Leader Fears Influx of Russian Terrorists into Ukraine,d2022-12-16T13:15,KyivPost,0.0,https://www.kyivpost.com/post/5793,Oleksiy Bobrovnikov
The Russians Helping Ukrainian Refugees in Bulgaria,d2022-12-14T09:45,KyivPost,-0.489,https://www.kyivpost.com/post/5721,AFP
"Odesa Corruption Reveals Russian, Chinese and Internal Ukrainian Involvement",d2022-12-13T15:18,KyivPost,0.0,https://www.kyivpost.com/post/5709,Oleksiy Bobrovnikov
OPINION: Gratitude to Ukraine,d2022-12-13T12:17,KyivPost,-0.29,https://www.kyivpost.com/post/5687,Timothy Snyder
"Kyiv Post Morning Memo – Everything You Need to Know on Tuesday, Dec. 13",d2022-12-13T11:05,KyivPost,0.0,https://www.kyivpost.com/post/5686,Kyiv Post
"Ukrainian, Russian Nobel Peace Winners Slam Putin's 'Insane' War",d2022-12-10T17:52,KyivPost,-0.207,https://www.kyivpost.com/post/5610,AFP
Kremlin Critic Sentenced to Eight and a Half Years by Moscow Court,d2022-12-09T14:40,KyivPost,-0.514,https://www.kyivpost.com/post/5577,Jay Beecher
Ukraine Lawmaker: Radiation Leaks Are Biggest Threat to Ecology,d2022-12-07T00:00,KyivPost,-0.418,https://archive.kyivpost.com/multimedia/video/ukraine-lawmaker-radiation-leaks-are-biggest-threat-to-ecology,Kyiv Post
Six Days in Russian Captivity – Mayor of Melitopol Speaks Out,d2022-12-07T00:00,KyivPost,0.0,https://archive.kyivpost.com/multimedia/video/six-days-in-russian-captivity-mayor-of-melitopol-speaks-out,Kyiv Post
Armed Forces of Ukraine Day: Milestones in the Push to Evict Russian Invaders,d2022-12-06T09:46,KyivPost,0.0,https://www.kyivpost.com/ukraine-politics/armed-forces-of-ukraine-day-milestones-in-the-push-to-evict-russian-invaders.html,Stefan Korshak
“My Dream is for the Empire to Disintegrate”: Wartime Theater in Lviv,d2022-12-04T17:03,KyivPost,0.246,https://www.kyivpost.com/post/5477,Milovan Mracevich
"ISW Russian Offensive Campaign Assessment, December 3",d2022-12-04T10:00,KyivPost,-0.25,https://www.kyivpost.com/russias-war/isw-russian-offensive-campaign-assessment-december-3.html,ISW
“I was Lucky to Survive” – Interview with Journalist and Mariupol Resident Andriy Marusov,d2022-11-29T14:29,KyivPost,0.0,https://www.kyivpost.com/post/29,Marichka Palamarchuk
EXPLAINED: The ‘Substantial’ US Aid Package for Ukraine that Could be Announced Today,d2022-11-29T09:42,KyivPost,-0.247,https://www.kyivpost.com/russias-war/explained-the-substantial-us-aid-package-for-ukraine-that-could-be-announced-today.html,Kyiv Post
OPINION: Pope Francis Draws Comparison Between Stalin’s Holodomor and Putin’s Invasion,d2022-11-28T21:07,KyivPost,-0.376,https://www.kyivpost.com/opinion/4797,Ugo Poletti
“I Saw Animals with Cut-Off Ears. I Don’t Understand Why the Russians Did It.”,d2022-11-28T16:47:47,KyivPost,-0.359,https://www.kyivpost.com/multimedia/video/i-saw-animals-with-cut-off-ears-i-dont-understand-why-the-russians-did-it,Alisa Orlova
EXPLAINED: Why Zelensky and Klitschko are Having a Public Falling Out,d2022-11-28T15:23,KyivPost,-0.274,https://www.kyivpost.com/ukraine-politics/explained-why-zelensky-and-klitschko-having-public-falling-out.html,Alisa Orlova
‘Little By Little’: Ukraine Grinds Away on the Northeastern Front,d2022-11-28T11:01,KyivPost,-0.277,https://www.kyivpost.com/post/43,AFP
"OPINION: Russia – A Riddle no More, Finally the Harsh Truth (Part 2: Concluded)",d2022-11-25T17:18,KyivPost,-0.215,https://www.kyivpost.com/opinion/62,Bohdan Nahaylo
OPINION: Why Sergei Magnitsky’s Death Wasn’t in Vain,d2022-11-25T10:59,KyivPost,-0.453,https://www.kyivpost.com/opinion/4817,Dr. Orhan Dragas
7 Biggest Ecological Threats in Ukraine from Russia’s War,d2022-11-24T09:51,KyivPost,-0.44,https://www.kyivpost.com/post/4830,Kyiv Post
Thirty-six people returned to Ukraine in new POWs swap,d2022-11-23T17:18,KyivPost,-0.21,https://www.kyivpost.com/post/83,AFP
"OPINION: Democratic Values as Basis of Prosperity, Protection From War",d2022-11-23T17:07,KyivPost,0.0,https://www.kyivpost.com/post/4834,Anna Neplii
OPINION: The ‘Desert Ukraine to Defend Taiwan’ Fallacy,d2022-11-22T13:25,KyivPost,-0.24,https://www.kyivpost.com/opinion/101,Robert Zubrin
"FACT-CHECK: No, Zelensky Didn’t Invest Billions into Collapsed FTX",d2022-11-21T17:47,KyivPost,-0.346,https://www.kyivpost.com/post/4844,Jay Beecher
"OPINION: While Russian Army Remains in Ukraine, Putin’s Calls for Peace Talks are Fake",d2022-11-20T12:21,KyivPost,0.0,https://www.kyivpost.com/article/opinion/op-ed/while-russian-army-remains-in-ukraine-putins-calls-for-peace-talks-are-fake.html,Dr. Orhan Dragas
"Dangerous Waters: As Russia monopolizes Azov Sea, Mariupol feels heightened danger",d2022-11-19T18:13,KyivPost,-0.293,https://www.kyivpost.com/ukraine-politics/as-russia-monopolizes-azov-sea-mariupol-feels-heightened-danger.html,Oksana Grytsenko
OPINION: Only Ukraine Can Set Peace Terms – Not Russia,d2022-11-19T10:58,KyivPost,0.0,https://www.kyivpost.com/opinion/138,Dr. Orhan Dragas
Russia Says “Fortifying” Annexed Crimean Peninsula,d2022-11-18T12:23,KyivPost,-0.183,https://www.kyivpost.com/russias-war/russia-says-fortifying-annexed-crimean-peninsula.html,AFP
"Republicans Take Control of US House, Congress Split: Projections",d2022-11-17T11:26,KyivPost,0.0,https://www.kyivpost.com/world/republicans-take-control-of-us-house-congress-split-projections.html,AFP
OPINION: Odesa Rejects Catherine the Great as Putin’s Invasion Makes Russia Toxic,d2022-11-16T13:53,KyivPost,-0.158,https://www.kyivpost.com/opinion/4873,Oleksiy Honcharenko
Ukraine Says Power Being Restored After Russian Strikes,d2022-11-16T13:07,KyivPost,-0.32,https://www.kyivpost.com/ukraine-politics/ukraine-says-power-being-restored-after-russian-strikes.html,AFP
Russia Under Pressure as G20 Voices Unease Over Ukraine War,d2022-11-15T14:28,KyivPost,-0.328,https://www.kyivpost.com/post/4882,AFP
Russia Faces G20 Calls To End Ukraine War,d2022-11-15T10:33,KyivPost,0.0,https://www.kyivpost.com/post/199,AFP
"ISW Russian Offensive Campaign Assessment, November 14",d2022-11-15T09:59,KyivPost,-0.374,https://www.kyivpost.com/post/201,ISW
"UN, Russia Grain, Fertiliser Exports Talks end Without Breakthrough",d2022-11-12T12:00,KyivPost,0.0,https://www.kyivpost.com/russias-war/un-russia-grain-fertiliser-exports-talks-end-without-breakthrough.html,AFP
"Flowers, Mines Welcome Ukraine Forces on Road to Kherson",d2022-11-12T11:38,KyivPost,0.151,https://www.kyivpost.com/russias-war/flowers-mines-welcome-ukraine-forces-on-road-to-kherson.html,AFP
Spain to Send Two More Air Defence Systems to Ukraine,d2022-11-10T17:21,KyivPost,0.0,https://www.kyivpost.com/world/spain-to-send-two-more-air-defence-systems-to-ukraine.html,AFP
Khaki Nation: Ukraine Dresses For War,d2022-11-10T13:26,KyivPost,0.0,https://www.kyivpost.com/ukraine-politics/khaki-nation-ukraine-dresses-for-war.html,AFP
Eurotopics – How Significant is Russia’s Withdrawal from Kherson?,d2022-11-10T13:16,KyivPost,-0.243,https://www.kyivpost.com/russias-war/eurotopics-how-significant-is-russias-withdrawal-from-kherson.html,euro topics
Brussels Proposes 18-bn-euro Ukraine Aid Package,d2022-11-09T15:45,KyivPost,0.166,https://www.kyivpost.com/post/4920,AFP
U.S. – Russia Meeting Expected Soon on Resumption of Nuclear Inspections,d2022-11-09T12:32,KyivPost,0.0,https://www.kyivpost.com/world/u-s-russia-meeting-expected-soon-on-resumption-of-nuclear-inspections.html,AFP
Ukraine’s Zelensky Tells COP27 Russia’s War Harms Climate Efforts,d2022-11-09T10:47,KyivPost,0.0,https://www.kyivpost.com/ukraine-politics/ukraines-zelensky-tells-cop27-russias-war-harms-climate-efforts.html,AFP
ICU Weekly Insight: 8 November 2022,d2022-11-08T16:31,KyivPost,0.0,https://www.kyivpost.com/post/4930,Kyiv Post
Eurotopics – War Against Ukraine: Can Diplomacy Still Help?,d2022-11-08T13:17,KyivPost,-0.324,https://www.kyivpost.com/ukraine-politics/eurotopics-war-against-ukraine-can-diplomacy-still-help.html,euro topics
Zelensky Congratulates Netanyahu on Israel Election Win,d2022-11-08T12:38,KyivPost,0.0,https://www.kyivpost.com/world/zelensky-congratulates-netanyahu-on-israel-election-win.html,AFP
"ISW Russian Offensive Campaign Assessment, November 7",d2022-11-08T10:01,KyivPost,-0.377,https://www.kyivpost.com/russias-war/isw-russian-offensive-campaign-assessment-november-7.html,ISW
In-Depth: Ukrainian Partisans Become Gamechangers in Russia’s War,d2022-11-04T12:03,KyivPost,-0.168,https://www.kyivpost.com/post/355,Aleksandra Klitina
Russian Strikes Leave 4.5 Million Without Power in Ukraine: Zelensky,d2022-11-04T10:35,KyivPost,-0.233,https://www.kyivpost.com/ukraine-politics/russian-strikes-leave-4-5-million-without-power-in-ukraine-zelensky.html,AFP
Ukrainian Ballet on European Stage: Full House in Lithuania,d2022-11-02T16:22,KyivPost,0.884,https://www.kyivpost.com/ukraine-politics/ukrainian-ballet-on-european-stage-full-house-in-lithuania.html,Kyiv Post
Kyivstar Allocates Hr 300 Million to State for Restoring Infrastructure: 50% Already on State Account,d2022-11-02T15:37,KyivPost,0.493,https://www.kyivpost.com/post/4963,Kyiv Post
"To the Australian People, Thank You From all Ukrainians",d2022-11-01T10:13,KyivPost,0.414,https://www.kyivpost.com/article/opinion/op-ed/to-the-australian-people-thank-you-from-all-ukrainians.html,Kyiv Post
Turkish Baykar to Install Air-to-Air Missiles on Drones,d2022-10-31T15:24,KyivPost,0.0,https://www.kyivpost.com/russias-war/turkish-baykar-to-install-air-to-air-missiles-on-drones.html,Kyiv Post
OPINION: A Ceasefire Would Condemn Millions of Ukrainians to Russian Occupation,d2022-10-29T12:56,KyivPost,-0.341,https://www.kyivpost.com/opinion/444,Mark Temnycky
Russian Oppositionist Appeals to US Congress Caucus,d2022-10-29T10:54,KyivPost,0.0,https://www.kyivpost.com/article/opinion/op-ed/open-letter-to-us-congressional-progressive-caucus-how-russia-and-ukraine-can-both-win.html,Ilya Ponomarev
"ISW Russian Offensive Campaign Assessment, October 28",d2022-10-29T10:03,KyivPost,-0.22,https://www.kyivpost.com/ukraine-politics/isw-russian-offensive-campaign-assessment-october-28.html,ISW
Sanctions Really Are Hurting Russia – Analyst,d2022-10-28T12:23,KyivPost,-0.276,https://www.kyivpost.com/russias-war/sanctions-really-are-hurting-russia-analyst.html,Kyiv Post
Eurotopics – Will “Dirty Bombs” Be Used?,d2022-10-28T11:36,KyivPost,-0.893,https://www.kyivpost.com/post/464,euro topics
Ukrainian Security Service Reveals 33 Russian “Agents in Cassocks”,d2022-10-27T18:48,KyivPost,0.0,https://www.kyivpost.com/ukraine-politics/ukrainian-security-service-reveals-33-russian-agents-in-cassocks.html,Kyiv Post
“Mobilization” and “Retreat”: Internet Search Data Reveals Russians’ Changing Concerns,d2022-10-27T15:44,KyivPost,0.0,https://www.kyivpost.com/post/475,Aleksandra Klitina
Russia Undertakes Nuclear Drills As Fighting Heavy Near Bakhmut,d2022-10-27T10:18,KyivPost,-0.231,https://www.kyivpost.com/russias-war/russia-undertakes-nuclear-drills-as-fighting-heavy-near-bakhmut.html,AFP
UN Satellite Analysis Tracks Ukraine Cultural Damage,d2022-10-27T10:12,KyivPost,0.0,https://www.kyivpost.com/ukraine-politics/un-satellite-analysis-tracks-ukraine-cultural-damage.html,AFP
"Biden, Sunak Agree to Support Ukraine, Stand Up to China: White House",d2022-10-26T12:48,KyivPost,0.0,https://www.kyivpost.com/world/biden-sunak-agree-to-support-ukraine-stand-up-to-china-white-house.html,AFP
World Bank Disburses Additional $500M to Help Ukraine Meet Urgent Needs,d2022-10-25T11:10,KyivPost,0.0,https://www.kyivpost.com/ukraine-politics/world-bank-disburses-additional-500m-to-help-ukraine-meet-urgent-needs.html,UkrInform
Sculpture By The Sea To Showcase Of Leading Ukrainian Artists On Bondi Coastal Walk,d2022-10-23T12:52,KyivPost,0.56,https://www.kyivpost.com/post/5038,Kyiv Post
Ukraine TV Struggles on Despite War,d2022-10-22T10:27,KyivPost,-0.15,https://www.kyivpost.com/ukraine-politics/ukraine-tv-struggles-on-despite-war.html,AFP
Lawmakers’ Initiative to Recognize Belarus as Russian Occupied,d2022-10-21T16:02,KyivPost,-0.222,https://www.kyivpost.com/post/5050,Kyiv Post
Cold Weather Brings Tougher Conditions To Fighting In Ukraine,d2022-10-20T10:14,KyivPost,0.0,https://www.kyivpost.com/russias-war/cold-weather-brings-tougher-conditions-to-fighting-in-ukraine.html,AFP
Steinmeier Cancels Kyiv Visit Over Security Concerns,d2022-10-20T10:05,KyivPost,-0.561,https://www.kyivpost.com/russias-war/steinmeier-cancels-kyiv-visit-over-security-concerns.html,UkrInform
People of Ukraine Win EU Rights Award,d2022-10-20T10:04,KyivPost,0.0,https://www.kyivpost.com/ukraine-politics/people-of-ukraine-win-eu-rights-award.html,AFP
Eurotopics – Iranian Combat Drones in the War Against Ukraine,d2022-10-19T15:53,KyivPost,-0.38,https://www.kyivpost.com/world/eurotopics-iranian-combat-drones-in-the-war-against-ukraine.html,euro topics
Football Icon Shevchenko Feels Pain and Pride in Ukraine’s Resilience,d2022-10-19T13:32,KyivPost,0.0,https://www.kyivpost.com/ukraine-politics/football-icon-shevchenko-feels-pain-and-pride-in-ukraines-resilience.html,AFP
"ISW Russian Offensive Campaign Assessment, October 18",d2022-10-19T10:01,KyivPost,-0.491,https://www.kyivpost.com/russias-war/isw-russian-offensive-campaign-assessment-october-18.html,ISW
5 More Vessels Depart From Ukrainian Ports Through Grain Corridor,d2022-10-18T15:10,KyivPost,0.38,https://www.kyivpost.com/ukraine-politics/5-more-vessels-depart-from-ukrainian-ports-through-grain-corridor.html,Kyiv Post
ICU Weekly Insight: 18 Oct. 2022,d2022-10-18T10:46,KyivPost,0.0,https://www.kyivpost.com/post/5068,Kyiv Post
"ISW Russian Offensive Campaign Assessment, October 16",d2022-10-17T10:05,KyivPost,-0.288,https://www.kyivpost.com/russias-war/isw-russian-offensive-campaign-assessment-october-16.html,ISW
Breaking: Russians Attack Kyiv with Kamikaze Drones,d2022-10-17T08:44,KyivPost,-0.358,https://www.kyivpost.com/ukraine-security/breaking-russians-attack-kyiv-with-kamikaze-drones.html,AFP
How to Deal With A**holes,d2022-10-15T10:06,KyivPost,0.0,https://www.kyivpost.com/article/opinion/op-ed/how-to-deal-with-aholes.html,Pete Shmigel
OPINION: How to Deal With A**holes,d2022-10-15T10:06,KyivPost,0.0,https://www.kyivpost.com/opinion/673,Pete Shmigel
"Over 5,000 Applications to Join “Freedom of Russia” Legion – Fighter Caesar",d2022-10-14T17:26,KyivPost,-0.379,https://www.kyivpost.com/russias-war/over-5000-applications-to-join-freedom-of-russia-legion-fighter-caesar.html,Aleksandra Klitina
Ukraine Airs ‘Romantic’ Video Asking France for More Guns,d2022-10-13T12:55,KyivPost,0.0,https://www.kyivpost.com/ukraine-politics/ukraine-airs-romantic-video-asking-france-for-more-guns.html,AFP
Russian Strategy to Bombard Ukraine Back “to Dark Ages” Takes a Break,d2022-10-13T10:58,KyivPost,-0.275,https://www.kyivpost.com/russias-war/russian-strategy-to-bombard-ukraine-back-to-dark-ages-takes-a-break.html,Stefan Korshak
Zelensky Calls for More Sanctions,d2022-10-12T17:54,KyivPost,-0.24,https://www.kyivpost.com/post/726,Kyiv Post
Eurotopics – Ukraine Under Fire: What are the Consequences?,d2022-10-12T12:51,KyivPost,-0.311,https://www.kyivpost.com/post/736,euro topics
Washington Calls on Allies to Speed aid to Ukraine,d2022-10-12T10:56,KyivPost,0.22,https://www.kyivpost.com/world/washington-calls-on-allies-to-speed-aid-to-ukraine.html,AFP
OPINION: Putin and the Shadow of Munich,d2022-10-11T13:40,KyivPost,0.0,https://www.kyivpost.com/opinion/763,Joshua D. Zimmerman
Ukrainians Help Each Other Rebuild Destroyed Houses,d2022-10-11T11:54,KyivPost,0.0,https://www.kyivpost.com/russias-war/ukrainians-help-each-other-rebuild-destroyed-houses.html,Anna Neplii
Silicon Valley Billionaire Milner Renounces Russian Citizenship,d2022-10-11T11:39,KyivPost,0.0,https://www.kyivpost.com/post/5102,AFP
Eurotopics – Kyiv Under Fire,d2022-10-10T14:14,KyivPost,-0.344,https://www.kyivpost.com/russias-war/eurotopics-kyiv-under-fire.html,euro topics
Ambassador Korniychuk Сalled on Israeli Authorities to Provide Assistance to Ukraine,d2022-10-07T10:52,KyivPost,0.0,https://www.kyivpost.com/ukraine-politics/ambassador-korniychuk-salled-on-israeli-authorities-to-provide-assistance-to-ukraine.html,Interfax-Ukraine
Eurotopics – Russia’s Nuclear Threats: Just Bluffing or Serious?,d2022-10-06T14:56,KyivPost,-0.484,https://www.kyivpost.com/post/840,euro topics
Eurotopics – Moving Closer to Nuclear War?,d2022-10-05T15:48,KyivPost,-0.701,https://www.kyivpost.com/post/858,euro topics
Dynamo Kyiv – Football During Wartime,d2022-10-05T10:24,KyivPost,0.0,https://www.kyivpost.com/post/870,AFP
Zelensky Thanks Biden for ‘Continued Defence Support’,d2022-10-05T10:13,KyivPost,0.527,https://www.kyivpost.com/ukraine-politics/zelensky-thanks-biden-for-continued-defence-support.html,AFP
"More Arms, Support Urged for Zelensky’s Ukraine at UK Labour Party Conference",d2022-10-04T14:46,KyivPost,0.0,https://www.kyivpost.com/ukraine-politics/more-arms-support-urged-for-zelenskys-ukraine-at-uk-labour-party-conference.html,Tony Leliw
Elon Musk Sparks Fury in Ukraine Over His “Peace Plan Poll”,d2022-10-04T12:33,KyivPost,0.0,https://www.kyivpost.com/russias-war/elon-musk-sparks-fury-in-kyiv-over-his-peace-plan-poll.html,Kyiv Post
Gas Stopped Leaking from Nord Stream 1: Swedish Coast Guard,d2022-10-03T17:38,KyivPost,-0.417,https://www.kyivpost.com/world/gas-stopped-leaking-from-nord-stream-1-swedish-coast-guard.html,AFP
Eurotopics – Russia Annexes Ukrainian Territory: What Will be the Fallout?,d2022-10-03T15:12,KyivPost,-0.708,https://www.kyivpost.com/post/906,euro topics
OPINION: Battalion Skala: The Rock of Brotherhood Tears Enemy into Pieces,d2022-10-03T13:17,KyivPost,0.281,https://www.kyivpost.com/opinion/910,Olga German
Canada Helps Ukraine Restore Railway Infrastructure,d2022-10-02T15:25,KyivPost,0.439,https://www.kyivpost.com/ukraine-politics/canada-helps-ukraine-restore-railway-infrastructure.html,Kyiv Post
Ambulances 101: How a Dutch Foundation Supports Ukraine’s Emergency Healthcare,d2022-10-02T12:26,KyivPost,0.0,https://www.kyivpost.com/post/919,Zuza Nazaruk
Centrists Set to Win Latvia Election in Shadow of Ukraine War,d2022-10-02T09:56,KyivPost,-0.227,https://www.kyivpost.com/world/centrists-set-to-win-latvia-election-in-shadow-of-ukraine-war.html,AFP
Russia faces UNESCO meeting walkout over Ukraine war,d2022-10-01T12:43,KyivPost,-0.341,https://www.kyivpost.com/world/russia-faces-unesco-meeting-walkout-over-ukraine-war.html,AFP
"1,277 Civilians Killed by Russians in the Kharkiv Region – Synehubov",d2022-09-30T13:08,KyivPost,-0.572,https://www.kyivpost.com/russias-war/1277-civilians-killed-by-russians-in-the-kharkiv-region-synehubov.html,Aleksandra Klitina
Eurotopics – What Next After the “Referendums” in Eastern Ukraine?,d2022-09-29T12:28,KyivPost,-0.276,https://www.kyivpost.com/ukraine-politics/eurotopics-what-next-after-the-referendums-in-eastern-ukraine.html,euro topics
ICU Weekly Insight: 26-28 September 2022,d2022-09-28T12:53,KyivPost,-0.158,https://www.kyivpost.com/post/5176,Kyiv Post
Kremlin Proxies Claim Victory in ‘Sham’ Annexation Votes,d2022-09-28T10:08,KyivPost,0.0,https://www.kyivpost.com/russias-war/kremlin-proxies-claim-victory-in-sham-annexation-votes.html,AFP
Ukrainian Tech Company Creates Darth Vader’s Voice Following Actor’s Retirement,d2022-09-27T16:57,KyivPost,0.243,https://www.kyivpost.com/ukraine-politics/ukrainian-tech-company-creates-darth-vaders-voice-following-actors-retirement.html,Kyiv Post
Eurotopics – Will the mood in Russia change now?,d2022-09-26T15:34,KyivPost,-0.293,https://www.kyivpost.com/world/eurotopics-will-the-mood-in-russia-change-now.html,euro topics
Tens Of Thousands Of Jewish Pilgrims In Ukraine Despite War,d2022-09-26T10:40,KyivPost,0.23,https://www.kyivpost.com/ukraine-politics/tens-of-thousands-of-jewish-pilgrims-in-ukraine-despite-war.html,AFP
"ISW Russian Offensive Campaign Assessment, September 25",d2022-09-26T10:08,KyivPost,-0.232,https://www.kyivpost.com/russias-war/isw-russian-offensive-campaign-assessment-september-25.html,ISW
Europe Faces Dilemma on Russians Fleeing Putin’s Draft,d2022-09-25T11:10,KyivPost,-0.27,https://www.kyivpost.com/world/europe-faces-dilemma-on-russians-fleeing-putins-draft.html,AFP
‘We Keep Running’: Ukrainian Rail Unbowed In Face Of War,d2022-09-24T11:25,KyivPost,0.0,https://www.kyivpost.com/ukraine-politics/we-keep-running-ukrainian-rail-unbowed-in-face-of-war.html,AFP
Eurotopics – Russian Deserters: Welcome in Europe?,d2022-09-24T10:41,KyivPost,-0.263,https://www.kyivpost.com/post/1083,euro topics
Zelensky Blames Russia As World Vows Response To Food Shortages,d2022-09-23T10:17,KyivPost,-0.228,https://www.kyivpost.com/ukraine-politics/zelensky-blames-russia-as-world-vows-response-to-food-shortages-2.html,AFP
"ISW Russian Offensive Campaign Assessment, September 22",d2022-09-23T10:07,KyivPost,-0.35,https://www.kyivpost.com/russias-war/isw-russian-offensive-campaign-assessment-september-22.html,ISW
Eurotopics – What Will The Partial Mobilisation Bring?,d2022-09-22T16:15,KyivPost,-0.318,https://www.kyivpost.com/post/1110,euro topics
Biden to Urge UN Security Council Reforms,d2022-09-21T12:21,KyivPost,0.0,https://www.kyivpost.com/world/biden-to-urge-un-security-council-reforms.html,AFP
Annual Ukrainian Festival in Washington DC “Honours Ukrainians and Prays for Peace”,d2022-09-21T12:00,KyivPost,0.441,https://www.kyivpost.com/russias-war/annual-ukrainian-festival-in-washington-dc-honours-ukrainians-and-prays-for-peace.html,Jason Jay Smart
Zelensky Blames Russia as World Vows Response to Food Shortages,d2022-09-21T11:16,KyivPost,-0.234,https://www.kyivpost.com/russias-war/zelensky-blames-russia-as-world-vows-response-to-food-shortages.html,AFP
Eurotopics – What Will Ukraine’s Advances Bring?,d2022-09-20T16:58,KyivPost,-0.391,https://www.kyivpost.com/ukraine-politics/eurotopics-what-will-ukraines-advances-bring.html,euro topics
Russia Continues to Abduct Children From Donetsk Region,d2022-09-20T14:58,KyivPost,-0.486,https://www.kyivpost.com/ukraine-politics/russia-continues-to-abduct-children-from-mariupol-and-donetsk-regions.html,Kyiv Post
Eurotopics – What Will Come After Ukraine’s Advances?,d2022-09-20T11:15,KyivPost,-0.448,https://www.kyivpost.com/post/1178,euro topics
Most Multinationals Remain in Russia and Fund Putin’s Invasion of Ukraine,d2022-09-19T11:20,KyivPost,-0.267,https://www.kyivpost.com/article/opinion/op-ed/most-multinationals-remain-in-russia-and-fund-putins-invasion-of-ukraine.html,Diane Francis
OPINION: Standoff Between Old and New Europe,d2022-09-16T16:27,KyivPost,-0.417,https://www.kyivpost.com/opinion/1228,Bohdan Kovalenko
"“Mriya” Will Be Resurrected: An Interview With Dmytro Antonov, Pilot of the World’s Largest Plane",d2022-09-16T11:47,KyivPost,0.302,https://www.kyivpost.com/russias-war/how-mriya-died-and-how-she-will-be-resurrected-an-interview-with-dmytro-antonov-pilot-of-the-worlds-largest-plane.html,Anna Neplii
Mass Grave Found in Ukraine Town Retaken from Russia: Zelensky,d2022-09-16T11:03,KyivPost,-0.628,https://www.kyivpost.com/russias-war/mass-grave-found-in-ukraine-town-retaken-from-russia-zelensky.html,AFP
"OPINION: The Kyiv Security Compact – Long on Aspiration, Short on Brass Tacks, Silent on Ukrainian Nukes",d2022-09-15T16:40,KyivPost,0.0,https://www.kyivpost.com/opinion/5239,Stefan Korshak
New Book on Soviet-era Famine Brings to Life Past Ghosts that Haunt Zelensky’s Ukraine,d2022-09-15T13:24,KyivPost,-0.242,https://www.kyivpost.com/ukraine-politics/new-book-on-soviet-era-famine-brings-to-life-past-ghosts-that-haunt-zelenskys-ukraine.html,Tony Leliw
EXCLUSIVE: Balakliya Was Russian Weak Point – General,d2022-09-15T12:51,KyivPost,0.0,https://www.kyivpost.com/russias-war/exclusive-balakliya-was-russian-weak-point-general.html?fbclid=IwAR2NEZghVZrgRdlTrGMMF2ueD_oG81ZfWv-GtUrKW8xviNM-wXZWctEjPBQ,Aleksandra Klitina
Trailer of Upcoming Bucha Film Shown in Kyiv,d2022-09-14T18:54,KyivPost,0.351,https://www.kyivpost.com/russias-war/trailer-of-upcoming-bucha-film-shown-in-kyiv.html,Kyiv Post
Georgia Mulls Holding Vote on Fighting to Regain Land,d2022-09-14T11:57,KyivPost,-0.341,https://www.kyivpost.com/post/5249,Aleksandra Klitina
Copenhagen to Train Ukrainian Soldiers in Denmark,d2022-09-14T10:04,KyivPost,0.0,https://www.kyivpost.com/russias-war/copenhagen-to-train-ukrainian-soldiers-in-denmark.html,AFP
"Russian Armed Aggression Affects over 1,132 Children in Ukraine",d2022-09-13T11:29,KyivPost,-0.651,https://www.kyivpost.com/post/1292,UkrInform
What Do King Charles and the Royal Family Think About Ukraine?,d2022-09-12T11:19,KyivPost,0.0,https://www.kyivpost.com/post/5259,Anna Neplii
Moldova Axes Plan to Resume Russia-bound Flights,d2022-09-12T10:54,KyivPost,-0.408,https://www.kyivpost.com/eastern-europe/moldova-axes-plan-to-resume-russia-bound-flights.html,AFP
"ISW Russian Offensive Campaign Assessment, September 11",d2022-09-12T10:05,KyivPost,-0.322,https://www.kyivpost.com/russias-war/isw-russian-offensive-campaign-assessment-september-11.html,ISW
‘Explosions Everywhere’ as Ukraine Forces Recapture Village,d2022-09-10T13:42,KyivPost,-0.541,https://www.kyivpost.com/russias-war/explosions-everywhere-as-ukraine-forces-recapture-village.html,AFP
Eurotopics – Russia Must be Forced to Make Peace,d2022-09-09T10:08,KyivPost,-0.402,https://www.kyivpost.com/post/1361,euro topics
"ISW Russian Offensive Campaign Assessment, September 8",d2022-09-09T10:07,KyivPost,-0.378,https://www.kyivpost.com/post/1362,ISW
Traces of Torture on Body of British Aid Worker Held by Russians,d2022-09-08T14:03,KyivPost,0.0,https://www.kyivpost.com/russias-war/traces-of-torture-on-body-of-british-aid-worker-held-by-russians.html,Stash Luczkiw
Blinken Discusses Military Aid on Surprise Visit to Kyiv,d2022-09-08T13:53,KyivPost,0.0,https://www.kyivpost.com/ukraine-politics/blinken-discusses-military-aid-on-surprise-visit-to-kyiv.html,AFP
"ISW Russian Offensive Campaign Assessment, September 7",d2022-09-08T10:15,KyivPost,-0.467,https://www.kyivpost.com/post/1382,ISW
Russia Threatens to Withdraw from Deal on Unblocking Ukrainian Grain Shipment,d2022-09-07T19:15,KyivPost,-0.301,https://www.kyivpost.com/russias-war/russia-threatens-to-withdraw-from-deal-on-unblocking-ukrainian-grain-shipment.html,Kyiv Post
Living in a COVID Bubble,d2022-09-07T14:03,KyivPost,-0.283,https://www.kyivpost.com/ukraine-politics/living-in-a-covid-bubble.html,Patricia Cordell
"Truss, Biden Talk Russian Aggression, Support for Ukraine",d2022-09-07T11:46,KyivPost,0.265,https://www.kyivpost.com/post/1391,UkrInform
Study of RT’s Malign Influence Across Europe Presented in Brussels,d2022-09-07T10:40,KyivPost,-0.243,https://www.kyivpost.com/world/study-of-rts-malign-influence-across-europe-presented-in-brussels.html,UkrInform
ICU Weekly Insight: 5 September 2022- Current Account Remains in Surplus,d2022-09-06T18:21,KyivPost,-0.416,https://www.kyivpost.com/economics/icu-weekly-insight-5-september-2022-current-account-remains-in-surplus.html,Kyiv Post
UK Expands Programme Preparing Ukrainian “Citizen Soldiers” to Fight Russia,d2022-09-05T16:31,KyivPost,0.412,https://www.kyivpost.com/post/1422,Kyiv Post
"Estonia, Latvia and Poland Commit Highest Aid to Ukraine",d2022-09-05T15:58,KyivPost,0.214,https://www.kyivpost.com/world/a-friend-in-need-is-a-friend-indeed-estonia-latvia-and-poland-commit-the-highest-aid-to-ukraine.html,Kyiv Post
"A cap on Russian oil prices? G7 eyes untried, risky plan – Q&A",d2022-09-04T11:56,KyivPost,-0.17,https://www.kyivpost.com/russias-war/a-cap-on-russian-oil-prices-g7-eyes-untried-risky-plan-qa.html,AFP
When the UN had teeth: Relevance of GA Resolution 1761,d2022-09-04T11:55,KyivPost,0.0,https://www.kyivpost.com/article/opinion/op-ed/punishing-culprits-lessons-of-the-general-assembly-resolution-1761.html,Dmytro Dovgopoly
Turkey offers to mediate in Ukraine nuclear plant standoff,d2022-09-04T10:22,KyivPost,-0.272,https://www.kyivpost.com/post/1436,AFP
Bringing Down Putin’s Regime: World’s First Ever Interview with a Leader of Russian NRA,d2022-09-01T15:25,KyivPost,-0.297,https://www.kyivpost.com/post/1457,Jason Jay Smart
Ukrainian Students Head Back to Classrooms – But Not Back to Normality,d2022-09-01T12:29,KyivPost,0.0,https://www.kyivpost.com/russias-war/ukrainian-students-head-back-to-classrooms-but-not-back-to-normality.html,Daryna Kolomiiets
Poland Embraces Ukrainian Children in Need,d2022-08-31T12:44,KyivPost,0.0,https://www.kyivpost.com/post/1474,Jason Jay Smart
Pro-Ukraine Rally in English Midlands Marks Six Months of War,d2022-08-29T17:33,KyivPost,0.152,https://www.kyivpost.com/ukraine-politics/pro-ukraine-rally-in-english-midlands-marks-six-months-of-war.html,Peter Dutczyn
Ten Injured in Russian Shelling Close to Nuclear Plant,d2022-08-29T15:22,KyivPost,0.0,https://www.kyivpost.com/post/1506,Kyiv Post
Yale Report on Russia’s Filtration System in Ukraine,d2022-08-26T20:00,KyivPost,0.0,https://www.kyivpost.com/russias-war/yale-report-on-russias-filtration-system-in-ukraine.html,Kyiv Post
UK Gave Ukraine £2.3 billion Worth of Military Aid,d2022-08-26T17:29,KyivPost,-0.4,https://www.kyivpost.com/ukraine-politics/uk-gave-ukraine-2-3-billion-worth-of-military-aid.html,Kyiv Post
OPINION: Six Months of Ukrainian Glory,d2022-08-26T10:50,KyivPost,-0.431,https://www.kyivpost.com/opinion/1559,Dr. Orhan Dragas
“Belarus is De Facto Under Russian Control” – Former Belarus President Candidate Speaks to Kyiv Post,d2022-08-26T10:30,KyivPost,-0.303,https://www.kyivpost.com/post/1561,Jason Jay Smart
OPINION: Russia’s invasion has highlighted Ukraine’s nation-building progress,d2022-08-24T11:05,KyivPost,0.179,https://www.kyivpost.com/article/opinion/op-ed/russias-invasion-has-highlighted-ukraines-nation-building-progress.html,Anders Aslund
6 Months of War: Ukraine Still Defiant,d2022-08-24T11:01,KyivPost,-0.307,https://www.kyivpost.com/ukraine-politics/6-months-of-war-ukraine-still-defiant.html,Stefan Korshak
"Russia’s War Against Ukraine: Day 182, Aug. 24 – Update 1",d2022-08-24T10:20,KyivPost,-0.213,https://www.kyivpost.com/russias-war/russias-war-against-ukraine-day-182-aug-24-update-1.html,AFP
Azov Fighter Claims Ukrainian Troops Tortured by Russians,d2022-08-23T17:29,KyivPost,-0.492,https://www.kyivpost.com/post/1599,Iryna Pavlenko
Putin Critic Found Dead in Mysterious Circumstances,d2022-08-23T11:16,KyivPost,-0.282,https://www.kyivpost.com/russia/putin-critic-found-dead-in-mysterious-circumstances.html,Jason Jay Smart
READ: Zelensky’s Latest Daily Address,d2022-08-22T14:00,KyivPost,-0.318,https://www.kyivpost.com/post/1624,Kyiv Post
Usyk shatters Joshua by split decision,d2022-08-21T10:45,KyivPost,0.0,https://www.kyivpost.com/sport/usyk-shatters-joshua-by-split-decision.html,AFP
ICU Bond Market Insight: 17 August 2022,d2022-08-17T19:08,KyivPost,-0.203,https://www.kyivpost.com/economics/icu-bond-market-insight-17-august-2022.html,Kyiv Post
OPINION: Russia’s 9/11,d2022-08-16T16:18,KyivPost,-0.344,https://www.kyivpost.com/opinion/1723,Diane Francis
"ICU Weekly Insight, 15 August 2022: Ukraine defers Eurobond payments",d2022-08-16T13:57,KyivPost,0.0,https://www.kyivpost.com/economics/icu-weekly-insight-15-august-2022-ukraine-defers-eurobond-payments.html,Kyiv Post
Exhibition of Famous Naive Art Painter Prymachenko Held in Lviv,d2022-08-13T20:06,KyivPost,0.534,https://www.kyivpost.com/lifestyle/art/exhibition-of-famous-folk-art-painter-prymachenko-held-in-lviv.html,Aleksandra Klitina
RETURN OF THE MAC: McDonald’s to Reopen in Ukraine,d2022-08-11T17:54,KyivPost,0.0,https://www.kyivpost.com/ukraine-politics/return-of-the-mac-mcdonalds-to-reopen-in-ukraine.html,Kyiv Post
Ukraine’s First Lady Urges World Not to Ignore Russian War Crimes,d2022-08-11T13:21,KyivPost,-0.434,https://www.kyivpost.com/russias-war/ukraines-first-lady-urges-world-not-to-ignore-russian-war-crimes.html,Kyiv Post
Danish Troops Head to UK to Help Train Ukrainian Military,d2022-08-11T11:42,KyivPost,0.317,https://www.kyivpost.com/russias-war/danish-troops-head-to-uk-to-help-train-ukrainian-military.html,Kyiv Post
"ISW Russian Offensive Campaign Assessment, August 10",d2022-08-11T10:07,KyivPost,-0.584,https://www.kyivpost.com/russias-war/isw-russian-offensive-campaign-assessment-august-10.html,ISW
Evidence mounting that weapon used in Crimea airfield strikes may be Ukraine-made missile system,d2022-08-10T16:59,KyivPost,-0.349,https://www.kyivpost.com/russias-war/evidence-mounting-that-weapon-used-in-crimea-airfield-strikes-may-be-ukraine-made-missile-system.html,Stefan Korshak
Pentagon confirms Ukraine has high tech HARM missiles; 17 Kremlin anti-air systems reportedly hit,d2022-08-09T13:39,KyivPost,-0.33,https://www.kyivpost.com/russias-war/pentagon-confirms-ukraine-has-high-tech-harm-missiles-17-kremlin-anti-air-systems-reportedly-hit.html,Stefan Korshak
READ: Zelensky’s Daily Address – August 8,d2022-08-09T12:50,KyivPost,0.0,https://www.kyivpost.com/post/1859,Kyiv Post
"Russia’s War Against Ukraine: Day 164, August 6 – Update 1",d2022-08-06T10:35,KyivPost,-0.33,https://www.kyivpost.com/russias-war/russias-war-against-ukraine-day-164-august-6-update-1.html,AFP
Russian Occupiers to Arrange Dump on Azovstal Plant Ruins,d2022-08-05T17:02,KyivPost,0.0,https://www.kyivpost.com/post/1910,Iryna Pavlenko
"Kharkiv, Mykolaiv, and Donetsk Regions Shelled Overnight, 4 Killed",d2022-08-04T14:26,KyivPost,-0.749,https://www.kyivpost.com/russias-war/kharkiv-mykolaiv-and-donetsk-regions-shelled-overnight-4-killed.html,Aleksandra Klitina
Inside the Ukrainian city that said no to occupation,d2022-08-03T11:47,KyivPost,-0.439,https://www.kyivpost.com/post/1948,AFP
Ukraine’s Top Prosecutor Launches Internal Investigation into Russian Collaboration,d2022-08-03T07:56,KyivPost,-0.26,https://www.kyivpost.com/post/1960,Jason Jay Smart
ICU Weekly Insight: 1 August 2022 – Markets in anticipation of restructuring,d2022-08-02T13:16,KyivPost,0.0,https://www.kyivpost.com/economics/icu-weekly-insight-1-august-2022-markets-in-anticipation-of-restructuring.html,Kyiv Post
Italian Initiative to Support Ukraine in the Race for Expo 2030,d2022-07-30T16:07,KyivPost,0.202,https://www.kyivpost.com/post/6856,Ugo Poletti
Injured Ukrainian Soldiers Arrive for Treatment in Poland,d2022-07-29T15:57,KyivPost,0.0,https://www.kyivpost.com/post/2022,Iryna Pavlenko
Center to Monitor Ukrainian Grain Exports Opens in Istanbul,d2022-07-29T13:29,KyivPost,0.0,https://www.kyivpost.com/post/7489,Anna Neplii
Footage Allegedly Showing Russian Soldier Castrating Ukrainian Causes Uproar,d2022-07-29T13:27,KyivPost,-0.356,https://www.kyivpost.com/russias-war/footage-allegedly-showing-russian-soldier-castrating-ukrainian-causes-uproar.html,Aleksandra Klitina
Blinken and Lavrov to Discuss Prisoner Exchange and Grain Deal,d2022-07-28T13:54,KyivPost,-0.184,https://www.kyivpost.com/world/blinken-and-lavrov-to-discuss-prisoner-exchange-and-grain-deal.html,Aleksandra Klitina
Mayor of Kharkiv says nowhere in Ukraine’s second city ‘safe’,d2022-07-28T12:34,KyivPost,-0.23,https://www.kyivpost.com/post/2046,AFP
Mariupol Citizens “Lining Up to Leave City”,d2022-07-27T16:52,KyivPost,0.0,https://www.kyivpost.com/post/2060,Iryna Pavlenko
Exclusive Insight – Rome: Key Lawmaker Piero Fassino on Italy’s Continuing Support for Ukraine,d2022-07-27T10:31,KyivPost,0.0,https://www.kyivpost.com/post/6870,Ugo Poletti
US Embassy to remain open in Kyiv,d2022-07-26T16:36,KyivPost,-0.448,https://www.kyivpost.com/ukraine-politics/us-embassy-to-remain-open-in-kyiv.html,Jason Jay Smart
INVESTIGATION: Iranian-Russian Cooperation in Ukraine,d2022-07-26T11:30,KyivPost,0.0,https://www.kyivpost.com/russias-war/investigation-iranian-russian-cooperation-in-ukraine.html,Jason Jay Smart
The Gas War Between Russia and the West,d2022-07-26T10:27,KyivPost,-0.215,https://www.kyivpost.com/post/2087,AFP
Olena Zelenska and China,d2022-07-25T15:23,KyivPost,0.0,https://www.kyivpost.com/article/opinion/op-ed/olena-zelenska-and-china.html,Steven Fisher
British Royal Navy Tracks Russian Submarines in North Sea,d2022-07-25T14:35,KyivPost,0.313,https://www.kyivpost.com/post/2113,Iryna Pavlenko
Taiwan stages Chinese invasion war games with Ukraine in mind,d2022-07-25T13:53,KyivPost,0.0,https://www.kyivpost.com/world/taiwan-stages-chinese-invasion-war-games-with-ukraine-in-mind.html,AFP
Strategic Port Access in Greece Supports Ukraine – US Defense Secretary,d2022-07-24T10:56,KyivPost,0.3,https://www.kyivpost.com/post/2132,Kyiv Post
Russian Gas Attack: Europe Must Not Give in to Putin’s Energy Blackmail,d2022-07-23T20:47,KyivPost,-0.27,https://www.kyivpost.com/economics/russian-gas-attack-europe-must-not-give-in-to-putins-energy-blackmail.html,Diane Francis
USA: Ukraine’s First Lady Makes Heartfelt Plea for More Weapons,d2022-07-21T15:22,KyivPost,0.444,https://www.kyivpost.com/russias-war/usa-ukraines-first-lady-makes-heartfelt-plea-for-more-weapons.html,Jay Beecher
NBU Raises Official Exchange Rate of Hryvnia to Dollar by 25%,d2022-07-21T15:12,KyivPost,0.0,https://www.kyivpost.com/ukraine-politics/nbu-raises-official-exchange-rate-of-hryvnia-to-dollar-by-25.html,Aleksandra Klitina
"ICU Weekly Insight: July 18, 2022 – Eurobond prices at new low",d2022-07-20T15:34,KyivPost,0.0,https://www.kyivpost.com/ukraine-politics/icu-weekly-insight-july-18-2022-eurobond-prices-at-new-low.html,Kyiv Post
Ukrainian Government Operational Update on the Russian Invasion,d2022-07-19T12:23,KyivPost,0.0,https://www.kyivpost.com/post/2225,Kyiv Post
"Iran Hosts Putin, Erdogan for Talks Overshadowed by Ukraine War",d2022-07-19T10:06,KyivPost,-0.19,https://www.kyivpost.com/russias-war/iran-hosts-putin-erdogan-for-talks-overshadowed-by-ukraine-war.html,AFP
READ: Zelensky’s Important Address – July 17,d2022-07-18T11:34,KyivPost,-0.169,https://www.kyivpost.com/post/2244,Kyiv Post
"ISW Russian Offensive Campaign Assessment, July 17",d2022-07-18T11:02,KyivPost,-0.218,https://www.kyivpost.com/post/6747,ISW
Ukrainian Government Awards Kyiv Post Coveted SpaceX Starlink Satellite System,d2022-07-14T12:32,KyivPost,0.512,https://www.kyivpost.com/ukraine-politics/ukrainian-government-awards-kyiv-post-coveted-spacex-starlink-satellite-system-2.html,Kyiv Post
Timothy Snyder: Germany must own up to past atrocities in Ukraine,d2022-07-11T13:26,KyivPost,-0.202,https://www.kyivpost.com/article/opinion/op-ed/timothy-snyder-germany-must-past-atrocities-ukraine.html,Timothy Snyder
BREAKING: Death toll after Russian strike on east Ukraine apartment building reaches 15,d2022-07-10T14:16,KyivPost,-0.498,https://www.kyivpost.com/russias-war/breaking-death-toll-after-russian-strike-on-east-ukraine-apartment-building-reaches-15.html,AFP
"War fatigue, Europe inflation hit Ukraine aid response",d2022-07-10T10:34,KyivPost,-0.193,https://www.kyivpost.com/post/2332,AFP
UNHCR: 12-13 mln people are refugees due to Russia’s war on Ukraine,d2022-07-09T18:59,KyivPost,-0.337,https://www.kyivpost.com/post/7414,UkrInform
New War Exhibition In Kyiv Compares Putin to Hitler,d2022-07-09T12:35,KyivPost,0.44,https://www.kyivpost.com/post/6899,Aleksandra Klitina
"Inspired by Ukraine, civilians study urban warfare in Taiwan",d2022-07-08T11:09,KyivPost,0.0,https://www.kyivpost.com/world/inspired-by-ukraine-civilians-study-urban-warfare-in-taiwan.html,AFP
"ICU Weekly Insight, July 4, 2022 – Public debt rose significantly in May",d2022-07-07T16:36,KyivPost,0.0,https://www.kyivpost.com/ukraine-politics/icu-weekly-insight-monday-july-4-2022-public-debt-rose-significantly-in-may.html,Kyiv Post
READ: Zelensky’s Important Address – July 6,d2022-07-07T14:05,KyivPost,0.0,https://www.kyivpost.com/post/7026,Kyiv Post
Colorful national fundraiser for Ukraine held in England’s Midlands,d2022-07-06T12:34,KyivPost,0.322,https://www.kyivpost.com/post/6744,Tony Leliw
Ukraine’s Defenders (12) – Hunting for “Nazis” in Ukraine’s Azov Regiment,d2022-07-05T13:33,KyivPost,-0.311,http://kyivpost.com/russias-war/ukraines-defenders-12-hunting-for-nazis-in-ukraines-azov-regiment.html,Stefan Korshak
EU chief urges Ukraine to speed anti-corruption reform,d2022-07-04T12:06,KyivPost,0.155,https://www.kyivpost.com/world/eu-chief-urges-ukraine-to-speed-anti-corruption-reform.html,AFP
OPINION: How the War in Ukraine Nullifies the Global Sustainable Development Goals,d2022-07-01T12:53,KyivPost,-0.184,https://www.kyivpost.com/opinion/2397,Maryna Grytsenko
"Russia’s war against Ukraine: Day 127, June 30 – Update 1",d2022-06-30T15:46,KyivPost,0.0,https://www.kyivpost.com/post/6789,AFP
Images Show Captured Ukrainian Troops Returning Home – Many Injured,d2022-06-30T13:03,KyivPost,0.0,https://www.kyivpost.com/post/2402,Aleksandra Klitina
Sean Penn came back to Ukraine for documentary,d2022-06-30T11:04,KyivPost,0.0,https://www.kyivpost.com/post/6865,Aleksandra Klitina
Rinat Akhmetov suing Russia,d2022-06-27T18:05,KyivPost,-0.751,https://www.kyivpost.com/russias-war/rinat-akhmetov-suing-russia.html,Aleksandra Klitina
"Ukrainians vote to change names of Russian-themed streets, squares",d2022-06-27T17:34,KyivPost,0.211,https://www.kyivpost.com/ukraine-politics/ukrainians-vote-to-change-names-of-russian-themed-streets-squares.html,Iryna Pavlenko
The Dark Underbelly of Ukrainophobia,d2022-06-26T13:07,KyivPost,-0.296,https://www.kyivpost.com/article/opinion/op-ed/the-dark-underbelly-of-ukrainophobia.html,Askold S. Lozynskyj
Ukraine’s economy: What’s it lost and what does it still have?,d2022-06-25T10:51,KyivPost,-0.468,https://www.kyivpost.com/ukraine-politics/ukraines-economy-whats-it-lost-and-what-does-it-still-have.html,John Marone
"ISW Russian Offensive Campaign Assessment, June 24",d2022-06-25T10:39,KyivPost,-0.3,https://www.kyivpost.com/post/2438,Bohdan Nahaylo
